PlantID,PlantName,AccessionID,AccessionName,ExperimentID,ExperimentName,ExperimentCondition,GrowthLocation,TrayPosition,SampleID,SampleName,SampleType,PlateName,PlateCoordinate,NameInWell,TubeBarcode,Note
,,,,,,,,,S45001,U_1,leaf,Emelliodora_LB_Block1,A1,U1,,
,,,,,,,,,S45002,U_2,leaf,Emelliodora_LB_Block1,B1,U2,,
,,,,,,,,,S45003,U_3,leaf,Emelliodora_LB_Block1,C1,U3,,
,,,,,,,,,S45004,U_4,leaf,Emelliodora_LB_Block1,D1,U4,,
,,,,,,,,,S45005,U_5,leaf,Emelliodora_LB_Block1,E1,U5,,
,,,,,,,,,S45006,U_6,leaf,Emelliodora_LB_Block1,F1,U6,,
,,,,,,,,,S45007,U_7,leaf,Emelliodora_LB_Block1,G1,U7,,
,,,,,,,,,S45008,U_8,leaf,Emelliodora_LB_Block1,H1,U8,,fail
,,,,,,,,,S45009,U_9,leaf,Emelliodora_LB_Block1,A2,U9,,
,,,,,,,,,S45010,U_10,leaf,Emelliodora_LB_Block1,B2,U10,,
,,,,,,,,,S45011,P_1,leaf,Emelliodora_LB_Block1,C2,P1,,
,,,,,,,,,S45012,P_2,leaf,Emelliodora_LB_Block1,D2,P2,,
,,,,,,,,,S45013,P_3,leaf,Emelliodora_LB_Block1,E2,P3,,
,,,,,,,,,S45014,P_4,leaf,Emelliodora_LB_Block1,F2,P4,,
,,,,,,,,,S45015,P_5,leaf,Emelliodora_LB_Block1,G2,P5,,
,,,,,,,,,S45016,P_6,leaf,Emelliodora_LB_Block1,H2,P6,,
,,,,,,,,,S45017,P_7,leaf,Emelliodora_LB_Block1,A3,P7,,
,,,,,,,,,S45018,P_8,leaf,Emelliodora_LB_Block1,B3,P8,,
,,,,,,,,,S45019,P_9,leaf,Emelliodora_LB_Block1,C3,P9,,
,,,,,,,,,S45020,P_10,leaf,Emelliodora_LB_Block1,D3,P10,,
,,,,,,,,,S45021,G_1,leaf,Emelliodora_LB_Block1,E3,G1,,
,,,,,,,,,S45022,G_2,leaf,Emelliodora_LB_Block1,F3,G2,,
,,,,,,,,,S45023,G_3,leaf,Emelliodora_LB_Block1,G3,G3,,
,,,,,,,,,S45024,G_4,leaf,Emelliodora_LB_Block1,H3,G4,,
,,,,,,,,,S45025,G_5,leaf,Emelliodora_LB_Block1,A4,G5,,
,,,,,,,,,S45026,G_6,leaf,Emelliodora_LB_Block1,B4,G6,,
,,,,,,,,,S45027,G_7,leaf,Emelliodora_LB_Block1,C4,G7,,
,,,,,,,,,S45028,G_8,leaf,Emelliodora_LB_Block1,D4,G8,,
,,,,,,,,,S45029,G_9,leaf,Emelliodora_LB_Block1,E4,G9,,
,,,,,,,,,S45030,G_10,leaf,Emelliodora_LB_Block1,F4,G10,,
,,,,,,,,,S45031,W1_1,leaf,Emelliodora_LB_Block1,G4,W1-1,,
,,,,,,,,,S45032,W1_2,leaf,Emelliodora_LB_Block1,H4,W1-2,,
,,,,,,,,,S45033,W1_3,leaf,Emelliodora_LB_Block1,A5,W1-3,,
,,,,,,,,,S45034,W1_4,leaf,Emelliodora_LB_Block1,B5,W1-4,,
,,,,,,,,,S45035,W1_5,leaf,Emelliodora_LB_Block1,C5,W1-5,,
,,,,,,,,,S45036,W1_6,leaf,Emelliodora_LB_Block1,D5,W1-6,,
,,,,,,,,,S45037,W1_7,leaf,Emelliodora_LB_Block1,E5,W1-7,,
,,,,,,,,,S45038,W1_8,leaf,Emelliodora_LB_Block1,F5,W1-8,,
,,,,,,,,,S45039,W1_9,leaf,Emelliodora_LB_Block1,G5,W1-9,,
,,,,,,,,,S45040,W1_10,leaf,Emelliodora_LB_Block1,H5,W1-10,,
,,,,,,,,,S45041,H_1,leaf,Emelliodora_LB_Block1,A6,H1,,
,,,,,,,,,S45042,H_2,leaf,Emelliodora_LB_Block1,B6,H2,,
,,,,,,,,,S45043,H_3,leaf,Emelliodora_LB_Block1,C6,H3,,
,,,,,,,,,S45044,H_4,leaf,Emelliodora_LB_Block1,D6,H4,,
,,,,,,,,,S45045,H_5,leaf,Emelliodora_LB_Block1,E6,H5,,
,,,,,,,,,S45046,H_6,leaf,Emelliodora_LB_Block1,F6,H6,,
,,,,,,,,,S45047,H_7,leaf,Emelliodora_LB_Block1,G6,H7,,
,,,,,,,,,S45048,H_8,leaf,Emelliodora_LB_Block1,H6,H8,,
,,,,,,,,,S45049,H_9,leaf,Emelliodora_LB_Block1,A7,H9,,
,,,,,,,,,S45050,H_10,leaf,Emelliodora_LB_Block1,B7,H10,,
,,,,,,,,,S45051,M_3,leaf,Emelliodora_LB_Block1,C7,M3,,
,,,,,,,,,S45052,M_4,leaf,Emelliodora_LB_Block1,D7,M4,,
,,,,,,,,,S45053,M_5,leaf,Emelliodora_LB_Block1,E7,M5,,
,,,,,,,,,S45054,D_1,leaf,Emelliodora_LB_Block1,F7,D1,,
,,,,,,,,,S45055,D_2,leaf,Emelliodora_LB_Block1,G7,D2,,
,,,,,,,,,S45056,D_3,leaf,Emelliodora_LB_Block1,H7,D3,,
,,,,,,,,,S45057,D_4,leaf,Emelliodora_LB_Block1,A8,D4,,
,,,,,,,,,S45058,D_5,leaf,Emelliodora_LB_Block1,B8,D5,,
,,,,,,,,,S45059,D_6,leaf,Emelliodora_LB_Block1,C8,D6,,
,,,,,,,,,S45060,D_7,leaf,Emelliodora_LB_Block1,D8,D7,,
,,,,,,,,,S45061,D_8,leaf,Emelliodora_LB_Block1,E8,D8,,
,,,,,,,,,S45062,D_9,leaf,Emelliodora_LB_Block1,F8,D9,,
,,,,,,,,,S45063,D_10,leaf,Emelliodora_LB_Block1,G8,D10,,
,,,,,,,,,S45064,V_1,leaf,Emelliodora_LB_Block1,H8,V1,,
,,,,,,,,,S45065,V_2,leaf,Emelliodora_LB_Block1,A9,V2,,
,,,,,,,,,S45066,V_3,leaf,Emelliodora_LB_Block1,B9,V3,,
,,,,,,,,,S45067,V_4,leaf,Emelliodora_LB_Block1,C9,V4,,
,,,,,,,,,S45068,V_5,leaf,Emelliodora_LB_Block1,D9,V5,,
,,,,,,,,,S45069,V_6,leaf,Emelliodora_LB_Block1,E9,V6,,
,,,,,,,,,S45070,V_7,leaf,Emelliodora_LB_Block1,F9,V7,,
,,,,,,,,,S45071,V_8,leaf,Emelliodora_LB_Block1,G9,V8,,
,,,,,,,,,S45072,V_9,leaf,Emelliodora_LB_Block1,H9,V9,,
,,,,,,,,,S45073,V_10,leaf,Emelliodora_LB_Block1,A10,V10,,
,,,,,,,,,S45074,A_2,leaf,Emelliodora_LB_Block1,B10,A2,,
,,,,,,,,,S45075,A_3,leaf,Emelliodora_LB_Block1,C10,A3,,
,,,,,,,,,S45076,A_4,leaf,Emelliodora_LB_Block1,D10,A4,,
,,,,,,,,,S45077,A_5,leaf,Emelliodora_LB_Block1,E10,A5,,
,,,,,,,,,S45078,A_6,leaf,Emelliodora_LB_Block1,F10,A6,,
,,,,,,,,,S45079,A_7,leaf,Emelliodora_LB_Block1,G10,A7,,
,,,,,,,,,S45080,A_8,leaf,Emelliodora_LB_Block1,H10,A8,,
,,,,,,,,,S45081,A_9,leaf,Emelliodora_LB_Block1,A11,A9,,
,,,,,,,,,S45082,A_10,leaf,Emelliodora_LB_Block1,B11,A10,,
,,,,,,,,,S45083,A_11,leaf,Emelliodora_LB_Block1,C11,A11,,
,,,,,,,,,S45084,site1_1,leaf,Emelliodora_LB_Block1,D11,site1-1,,
,,,,,,,,,S45085,site1_2,leaf,Emelliodora_LB_Block1,E11,site1-2,,
,,,,,,,,,S45086,site1_3,leaf,Emelliodora_LB_Block1,F11,site1-3,,
,,,,,,,,,S45087,site1_4,leaf,Emelliodora_LB_Block1,G11,site1-4,,
,,,,,,,,,S45088,site1_5,leaf,Emelliodora_LB_Block1,H11,site1-5,,
,,,,,,,,,S45089,site1_6,leaf,Emelliodora_LB_Block1,A12,site1-6,,
,,,,,,,,,S45090,site1_7,leaf,Emelliodora_LB_Block1,B12,site1-7,,
,,,,,,,,,S45091,site1_8,leaf,Emelliodora_LB_Block1,C12,site1-8,,
,,,,,,,,,S45092,site1_9,leaf,Emelliodora_LB_Block1,D12,site1-9,,
,,,,,,,,,S45093,site1_10,leaf,Emelliodora_LB_Block1,E12,site1-10,,
,,,,,,,,,S45094,C_1,leaf,Emelliodora_LB_Block1,F12,C1,,
,,,,,,,,,S45095,C_2,leaf,Emelliodora_LB_Block1,G12,C2,,
,,,,,,,,,S45096,C_3,leaf,Emelliodora_LB_Block1,H12,C3,,fail
,,,,,,,,,S45097,C_4,leaf,Emelliodora_LB_Block2,A1,C4,,
,,,,,,,,,S45098,C_5,leaf,Emelliodora_LB_Block2,B1,C5,,
,,,,,,,,,S45099,C_6,leaf,Emelliodora_LB_Block2,C1,C6,,
,,,,,,,,,S45100,C_7,leaf,Emelliodora_LB_Block2,D1,C7,,
,,,,,,,,,S45101,C_8,leaf,Emelliodora_LB_Block2,E1,C8,,
,,,,,,,,,S45102,C_9,leaf,Emelliodora_LB_Block2,F1,C9,,
,,,,,,,,,S45103,N2_1,leaf,Emelliodora_LB_Block2,G1,N2-1,,
,,,,,,,,,S45104,N2_2,leaf,Emelliodora_LB_Block2,H1,N2-2,,fail
,,,,,,,,,S45105,N2_3,leaf,Emelliodora_LB_Block2,A2,N2-3,,
,,,,,,,,,S45106,N2_4,leaf,Emelliodora_LB_Block2,B2,N2-4,,
,,,,,,,,,S45107,N2_5,leaf,Emelliodora_LB_Block2,C2,N2-5,,
,,,,,,,,,S45108,N2_6,leaf,Emelliodora_LB_Block2,D2,N2-6,,
,,,,,,,,,S45109,N2_7,leaf,Emelliodora_LB_Block2,E2,N2-7,,
,,,,,,,,,S45110,N2_8,leaf,Emelliodora_LB_Block2,F2,N2-8,,
,,,,,,,,,S45111,N2_9,leaf,Emelliodora_LB_Block2,G2,N2-9,,
,,,,,,,,,S45112,N2_10,leaf,Emelliodora_LB_Block2,H2,N2-10,,
,,,,,,,,,S45113,N1_1,leaf,Emelliodora_LB_Block2,A3,N1-1,,
,,,,,,,,,S45114,N1_2,leaf,Emelliodora_LB_Block2,B3,N1-2,,
,,,,,,,,,S45115,N1_3,leaf,Emelliodora_LB_Block2,C3,N1-3,,
,,,,,,,,,S45116,N1_4,leaf,Emelliodora_LB_Block2,D3,N1-4,,
,,,,,,,,,S45117,N1_5,leaf,Emelliodora_LB_Block2,E3,N1-5,,
,,,,,,,,,S45118,N1_6,leaf,Emelliodora_LB_Block2,F3,N1-6,,
,,,,,,,,,S45119,N1_7,leaf,Emelliodora_LB_Block2,G3,N1-7,,
,,,,,,,,,S45120,N1_8,leaf,Emelliodora_LB_Block2,H3,N1-8,,
,,,,,,,,,S45121,N1_9,leaf,Emelliodora_LB_Block2,A4,N1-9,,
,,,,,,,,,S45122,N1_10,leaf,Emelliodora_LB_Block2,B4,N1-10,,
,,,,,,,,,S45123,site3_1,leaf,Emelliodora_LB_Block2,C4,site3-1,,
,,,,,,,,,S45124,site3_2,leaf,Emelliodora_LB_Block2,D4,site3-2,,
,,,,,,,,,S45125,site3_3,leaf,Emelliodora_LB_Block2,E4,site3-3,,
,,,,,,,,,S45126,site3_4,leaf,Emelliodora_LB_Block2,F4,site3-4,,
,,,,,,,,,S45127,site3_5,leaf,Emelliodora_LB_Block2,G4,site3-5,,
,,,,,,,,,S45128,site3_6,leaf,Emelliodora_LB_Block2,H4,site3-6,,
,,,,,,,,,S45129,site3_7,leaf,Emelliodora_LB_Block2,A5,site3-7,,
,,,,,,,,,S45130,site3_8,leaf,Emelliodora_LB_Block2,B5,site3-8,,
,,,,,,,,,S45131,site3_9,leaf,Emelliodora_LB_Block2,C5,site3-9,,
,,,,,,,,,S45132,site3_10,leaf,Emelliodora_LB_Block2,D5,site3-10,,
,,,,,,,,,S45133,site7_1,leaf,Emelliodora_LB_Block2,E5,site7-1,,
,,,,,,,,,S45134,site7_2,leaf,Emelliodora_LB_Block2,F5,site7-2,,
,,,,,,,,,S45135,site7_3,leaf,Emelliodora_LB_Block2,G5,site7-3,,
,,,,,,,,,S45136,site7_4,leaf,Emelliodora_LB_Block2,H5,site7-4,,
,,,,,,,,,S45137,site7_5,leaf,Emelliodora_LB_Block2,A6,site7-5,,
,,,,,,,,,S45138,site7_6,leaf,Emelliodora_LB_Block2,B6,site7-6,,
,,,,,,,,,S45139,site7_7,leaf,Emelliodora_LB_Block2,C6,site7-7,,
,,,,,,,,,S45140,B_1,leaf,Emelliodora_LB_Block2,D6,B1,,
,,,,,,,,,S45141,B_2,leaf,Emelliodora_LB_Block2,E6,B2,,
,,,,,,,,,S45142,B_3,leaf,Emelliodora_LB_Block2,F6,B3,,
,,,,,,,,,S45143,B_4,leaf,Emelliodora_LB_Block2,G6,B4,,
,,,,,,,,,S45144,B_5,leaf,Emelliodora_LB_Block2,H6,B5,,
,,,,,,,,,S45145,B_6,leaf,Emelliodora_LB_Block2,A7,B6,,
,,,,,,,,,S45146,B_7,leaf,Emelliodora_LB_Block2,B7,B7,,
,,,,,,,,,S45147,B_8,leaf,Emelliodora_LB_Block2,C7,B8,,
,,,,,,,,,S45148,B_9,leaf,Emelliodora_LB_Block2,D7,B9,,
,,,,,,,,,S45149,B_10,leaf,Emelliodora_LB_Block2,E7,B10,,
,,,,,,,,,S45150,J2_1,leaf,Emelliodora_LB_Block2,F7,J2-1,,
,,,,,,,,,S45151,J2_2,leaf,Emelliodora_LB_Block2,G7,J2-2,,
,,,,,,,,,S45152,J2_3,leaf,Emelliodora_LB_Block2,H7,J2-3,,
,,,,,,,,,S45153,J2_4,leaf,Emelliodora_LB_Block2,A8,J2-4,,
,,,,,,,,,S45154,J2_5,leaf,Emelliodora_LB_Block2,B8,J2-5,,
,,,,,,,,,S45155,J2_6,leaf,Emelliodora_LB_Block2,C8,J2-6,,
,,,,,,,,,S45156,J2_7,leaf,Emelliodora_LB_Block2,D8,J2-7,,
,,,,,,,,,S45157,J2_8,leaf,Emelliodora_LB_Block2,E8,J2-8,,
,,,,,,,,,S45158,J2_9,leaf,Emelliodora_LB_Block2,F8,J2-9,,
,,,,,,,,,S45159,J2_10,leaf,Emelliodora_LB_Block2,G8,J2-10,,
,,,,,,,,,S45160,site17_1,leaf,Emelliodora_LB_Block2,H8,site17-1,,
,,,,,,,,,S45161,site17_2,leaf,Emelliodora_LB_Block2,A9,site17-2,,
,,,,,,,,,S45162,site17_3,leaf,Emelliodora_LB_Block2,B9,site17-3,,
,,,,,,,,,S45163,site17_4,leaf,Emelliodora_LB_Block2,C9,site17-4,,
,,,,,,,,,S45164,site17_5,leaf,Emelliodora_LB_Block2,D9,site17-5,,
,,,,,,,,,S45165,site17_6,leaf,Emelliodora_LB_Block2,E9,site17-6,,
,,,,,,,,,S45166,site17_7,leaf,Emelliodora_LB_Block2,F9,site17-7,,
,,,,,,,,,S45167,site17_8,leaf,Emelliodora_LB_Block2,G9,site17-8,,
,,,,,,,,,S45168,site17_9,leaf,Emelliodora_LB_Block2,H9,site17-9,,
,,,,,,,,,S45169,site17_10,leaf,Emelliodora_LB_Block2,A10,site17-10,,
,,,,,,,,,S45170,site11_1,leaf,Emelliodora_LB_Block2,B10,site11-1,,
,,,,,,,,,S45171,site11_2,leaf,Emelliodora_LB_Block2,C10,site11-2,,
,,,,,,,,,S45172,site11_3,leaf,Emelliodora_LB_Block2,D10,site11-3,,
,,,,,,,,,S45173,site11_4,leaf,Emelliodora_LB_Block2,E10,site11-4,,
,,,,,,,,,S45174,site11_5,leaf,Emelliodora_LB_Block2,F10,site11-5,,
,,,,,,,,,S45175,site11_6,leaf,Emelliodora_LB_Block2,G10,site11-6,,
,,,,,,,,,S45176,site11_7,leaf,Emelliodora_LB_Block2,H10,site11-7,,
,,,,,,,,,S45177,site11_8,leaf,Emelliodora_LB_Block2,A11,site11-8,,
,,,,,,,,,S45178,site11_9,leaf,Emelliodora_LB_Block2,B11,site11-9,,
,,,,,,,,,S45179,site11_10,leaf,Emelliodora_LB_Block2,C11,site11-10,,
,,,,,,,,,S45180,i2_1,leaf,Emelliodora_LB_Block2,D11,i2-1,,
,,,,,,,,,S45181,i2_2,leaf,Emelliodora_LB_Block2,E11,i2-2,,
,,,,,,,,,S45182,i2_3,leaf,Emelliodora_LB_Block2,F11,i2-3,,
,,,,,,,,,S45183,i2_4,leaf,Emelliodora_LB_Block2,G11,i2-4,,
,,,,,,,,,S45184,i2_5,leaf,Emelliodora_LB_Block2,H11,i2-5,,
,,,,,,,,,S45185,i2_6,leaf,Emelliodora_LB_Block2,A12,i2-6,,
,,,,,,,,,S45186,i2_7,leaf,Emelliodora_LB_Block2,B12,i2-7,,
,,,,,,,,,S45187,i2_8,leaf,Emelliodora_LB_Block2,C12,i2-8,,
,,,,,,,,,S45188,i2_9,leaf,Emelliodora_LB_Block2,D12,i2-9,,fail
,,,,,,,,,S45189,i2_10,leaf,Emelliodora_LB_Block2,E12,i2-10,,
,,,,,,,,,S45190,site16_1,leaf,Emelliodora_LB_Block2,F12,site16-1,,
,,,,,,,,,S45191,site16_2,leaf,Emelliodora_LB_Block2,G12,site16-2,,
,,,,,,,,,S45192,site16_3,leaf,Emelliodora_LB_Block2,H12,site16-3,,fail
,,,,,,,,,S45193,site16_4,leaf,Emelliodora_LB_Block3,A1,site16-4,,
,,,,,,,,,S45194,site16_5,leaf,Emelliodora_LB_Block3,B1,site16-5,,
,,,,,,,,,S45195,site16_6,leaf,Emelliodora_LB_Block3,C1,site16-6,,
,,,,,,,,,S45196,site16_7,leaf,Emelliodora_LB_Block3,D1,site16-7,,
,,,,,,,,,S45197,site2_1,leaf,Emelliodora_LB_Block3,E1,site2-1,,
,,,,,,,,,S45198,site2_2,leaf,Emelliodora_LB_Block3,F1,site2-2,,
,,,,,,,,,S45199,site2_3,leaf,Emelliodora_LB_Block3,G1,site2-3,,
,,,,,,,,,S45200,site2_4,leaf,Emelliodora_LB_Block3,H1,site2-4,,fail
,,,,,,,,,S45201,site2_5,leaf,Emelliodora_LB_Block3,A2,site2-5,,
,,,,,,,,,S45202,site2_6,leaf,Emelliodora_LB_Block3,B2,site2-6,,
,,,,,,,,,S45203,site2_7,leaf,Emelliodora_LB_Block3,C2,site2-7,,
,,,,,,,,,S45204,site2_8,leaf,Emelliodora_LB_Block3,D2,site2-8,,
,,,,,,,,,S45205,site2_9,leaf,Emelliodora_LB_Block3,E2,site2-9,,
,,,,,,,,,S45206,site2_10,leaf,Emelliodora_LB_Block3,F2,site2-10,,
,,,,,,,,,S45207,site14_1,leaf,Emelliodora_LB_Block3,G2,site14-1,,
,,,,,,,,,S45208,site14_2,leaf,Emelliodora_LB_Block3,H2,site14-2,,
,,,,,,,,,S45209,site14_3,leaf,Emelliodora_LB_Block3,A3,site14-3,,
,,,,,,,,,S45210,site14_4,leaf,Emelliodora_LB_Block3,B3,site14-4,,
,,,,,,,,,S45211,site14_5,leaf,Emelliodora_LB_Block3,C3,site14-5,,
,,,,,,,,,S45212,site14_6,leaf,Emelliodora_LB_Block3,D3,site14-6,,
,,,,,,,,,S45213,site14_7,leaf,Emelliodora_LB_Block3,E3,site14-7,,
,,,,,,,,,S45214,site14_8,leaf,Emelliodora_LB_Block3,F3,site14-8,,
,,,,,,,,,S45215,site14_9,leaf,Emelliodora_LB_Block3,G3,site14-9,,
,,,,,,,,,S45216,site14_10,leaf,Emelliodora_LB_Block3,H3,site14-10,,
,,,,,,,,,S45217,site5_1,leaf,Emelliodora_LB_Block3,A4,site5-1,,outlier
,,,,,,,,,S45218,site5_2,leaf,Emelliodora_LB_Block3,B4,site5-2,,
,,,,,,,,,S45219,site5_3,leaf,Emelliodora_LB_Block3,C4,site5-3,,
,,,,,,,,,S45220,site5_4,leaf,Emelliodora_LB_Block3,D4,site5-4,,
,,,,,,,,,S45221,site5_5,leaf,Emelliodora_LB_Block3,E4,site5-5,,
,,,,,,,,,S45222,site5_6,leaf,Emelliodora_LB_Block3,F4,site5-6,,
,,,,,,,,,S45223,site5_7,leaf,Emelliodora_LB_Block3,G4,site5-7,,
,,,,,,,,,S45224,site5_8,leaf,Emelliodora_LB_Block3,H4,site5-8,,
,,,,,,,,,S45225,site5_9,leaf,Emelliodora_LB_Block3,A5,site5-9,,
,,,,,,,,,S45226,site5_10,leaf,Emelliodora_LB_Block3,B5,site5-10,,
,,,,,,,,,S45227,site10_1,leaf,Emelliodora_LB_Block3,C5,site10-1,,
,,,,,,,,,S45228,site10_2,leaf,Emelliodora_LB_Block3,D5,site10-2,,
,,,,,,,,,S45229,site10_3,leaf,Emelliodora_LB_Block3,E5,site10-3,,
,,,,,,,,,S45230,site10_4,leaf,Emelliodora_LB_Block3,F5,site10-4,,
,,,,,,,,,S45231,site10_5,leaf,Emelliodora_LB_Block3,G5,site10-5,,
,,,,,,,,,S45232,site10_6,leaf,Emelliodora_LB_Block3,H5,site10-6,,
,,,,,,,,,S45233,site10_7,leaf,Emelliodora_LB_Block3,A6,site10-7,,
,,,,,,,,,S45234,site10_8,leaf,Emelliodora_LB_Block3,B6,site10-8,,
,,,,,,,,,S45235,site10_9,leaf,Emelliodora_LB_Block3,C6,site10-9,,
,,,,,,,,,S45236,site10_10,leaf,Emelliodora_LB_Block3,D6,site10-10,,
,,,,,,,,,S45237,T1_1,leaf,Emelliodora_LB_Block3,E6,T1-1,,
,,,,,,,,,S45238,T1_2,leaf,Emelliodora_LB_Block3,F6,T1-2,,
,,,,,,,,,S45239,T1_3,leaf,Emelliodora_LB_Block3,G6,T1-3,,
,,,,,,,,,S45240,T1_4,leaf,Emelliodora_LB_Block3,H6,T1-4,,
,,,,,,,,,S45241,T1_5,leaf,Emelliodora_LB_Block3,A7,T1-5,,
,,,,,,,,,S45242,T1_6,leaf,Emelliodora_LB_Block3,B7,T1-6,,
,,,,,,,,,S45243,T1_7,leaf,Emelliodora_LB_Block3,C7,T1-7,,
,,,,,,,,,S45244,T1_8,leaf,Emelliodora_LB_Block3,D7,T1-8,,
,,,,,,,,,S45245,T1_9,leaf,Emelliodora_LB_Block3,E7,T1-9,,
,,,,,,,,,S45246,T1_10,leaf,Emelliodora_LB_Block3,F7,T1-10,,
,,,,,,,,,S45247,site19_1,leaf,Emelliodora_LB_Block3,G7,site19-1,,
,,,,,,,,,S45248,site19_2,leaf,Emelliodora_LB_Block3,H7,site19-2,,
,,,,,,,,,S45249,site19_3,leaf,Emelliodora_LB_Block3,A8,site19-3,,
,,,,,,,,,S45250,site19_4,leaf,Emelliodora_LB_Block3,B8,site19-4,,
,,,,,,,,,S45251,site19_5,leaf,Emelliodora_LB_Block3,C8,site19-5,,
,,,,,,,,,S45252,site19_6,leaf,Emelliodora_LB_Block3,D8,site19-6,,
,,,,,,,,,S45253,site19_7,leaf,Emelliodora_LB_Block3,E8,site19-7,,
,,,,,,,,,S45254,site19_8,leaf,Emelliodora_LB_Block3,F8,site19-8,,
,,,,,,,,,S45255,site19_9,leaf,Emelliodora_LB_Block3,G8,site19-9,,
,,,,,,,,,S45256,site19_10,leaf,Emelliodora_LB_Block3,H8,site19-10,,
,,,,,,,,,S45257,K2_1,leaf,Emelliodora_LB_Block3,A9,K2-1,,
,,,,,,,,,S45258,K2_2,leaf,Emelliodora_LB_Block3,B9,K2-2,,
,,,,,,,,,S45259,K2_3,leaf,Emelliodora_LB_Block3,C9,K2-3,,
,,,,,,,,,S45260,K2_4,leaf,Emelliodora_LB_Block3,D9,K2-4,,
,,,,,,,,,S45261,K2_5,leaf,Emelliodora_LB_Block3,E9,K2-5,,
,,,,,,,,,S45262,K2_6,leaf,Emelliodora_LB_Block3,F9,K2-6,,
,,,,,,,,,S45263,K2_7,leaf,Emelliodora_LB_Block3,G9,K2-7,,
,,,,,,,,,S45264,K2_8,leaf,Emelliodora_LB_Block3,H9,K2-8,,
,,,,,,,,,S45265,K2_9,leaf,Emelliodora_LB_Block3,A10,K2-9,,
,,,,,,,,,S45266,K2_10,leaf,Emelliodora_LB_Block3,B10,K2-10,,
,,,,,,,,,S45267,site20_1,leaf,Emelliodora_LB_Block3,C10,site20-1,,
,,,,,,,,,S45268,site20_2,leaf,Emelliodora_LB_Block3,D10,site20-2,,
,,,,,,,,,S45269,site20_3,leaf,Emelliodora_LB_Block3,E10,site20-3,,fail
,,,,,,,,,S45270,site20_4,leaf,Emelliodora_LB_Block3,F10,site20-4,,
,,,,,,,,,S45271,site20_5,leaf,Emelliodora_LB_Block3,G10,site20-5,,
,,,,,,,,,S45272,site20_6,leaf,Emelliodora_LB_Block3,H10,site20-6,,
,,,,,,,,,S45273,site20_7,leaf,Emelliodora_LB_Block3,A11,site20-7,,
,,,,,,,,,S45274,site20_8,leaf,Emelliodora_LB_Block3,B11,site20-8,,
,,,,,,,,,S45275,site20_9,leaf,Emelliodora_LB_Block3,C11,site20-9,,
,,,,,,,,,S45276,site20_10,leaf,Emelliodora_LB_Block3,D11,site20-10,,
,,,,,,,,,S45277,W2_1,leaf,Emelliodora_LB_Block3,E11,W2-1,,
,,,,,,,,,S45278,W2_2,leaf,Emelliodora_LB_Block3,F11,W2-2,,
,,,,,,,,,S45279,W2_3,leaf,Emelliodora_LB_Block3,G11,W2-3,,
,,,,,,,,,S45280,W2_4,leaf,Emelliodora_LB_Block3,H11,W2-4,,
,,,,,,,,,S45281,W2_5,leaf,Emelliodora_LB_Block3,A12,W2-5,,
,,,,,,,,,S45282,W2_6,leaf,Emelliodora_LB_Block3,B12,W2-6,,
,,,,,,,,,S45283,W2_7,leaf,Emelliodora_LB_Block3,C12,W2-7,,
,,,,,,,,,S45284,W2_8,leaf,Emelliodora_LB_Block3,D12,W2-8,,
,,,,,,,,,S45285,W2_9,leaf,Emelliodora_LB_Block3,E12,W2-9,,fail
,,,,,,,,,S45286,W2_10,leaf,Emelliodora_LB_Block3,F12,W2-10,,fail
,,,,,,,,,S45287,site24_1,leaf,Emelliodora_LB_Block3,G12,site24-1,,
,,,,,,,,,S45288,site24_2,leaf,Emelliodora_LB_Block3,H12,site24-2,,fail
,,,,,,,,,S45289,site24_3,leaf,Emelliodora_LB_Block4,A1,site24-3,,
,,,,,,,,,S45290,site24_4,leaf,Emelliodora_LB_Block4,B1,site24-4,,
,,,,,,,,,S45291,site24_5,leaf,Emelliodora_LB_Block4,C1,site24-5,,
,,,,,,,,,S45292,site24_6,leaf,Emelliodora_LB_Block4,D1,site24-6,,
,,,,,,,,,S45293,site24_7,leaf,Emelliodora_LB_Block4,E1,site24-7,,
,,,,,,,,,S45294,site24_8,leaf,Emelliodora_LB_Block4,F1,site24-8,,
,,,,,,,,,S45295,site24_9,leaf,Emelliodora_LB_Block4,G1,site24-9,,
,,,,,,,,,S45296,site24_10,leaf,Emelliodora_LB_Block4,H1,site24-10,,fail
,,,,,,,,,S45297,W3_1,leaf,Emelliodora_LB_Block4,A2,W3-1,,
,,,,,,,,,S45298,W3_2,leaf,Emelliodora_LB_Block4,B2,W3-2,,
,,,,,,,,,S45299,W3_3,leaf,Emelliodora_LB_Block4,C2,W3-3,,
,,,,,,,,,S45300,W3_4,leaf,Emelliodora_LB_Block4,D2,W3-4,,
,,,,,,,,,S45301,W3_5,leaf,Emelliodora_LB_Block4,E2,W3-5,,
,,,,,,,,,S45302,W3_6,leaf,Emelliodora_LB_Block4,F2,W3-6,,
,,,,,,,,,S45303,W3_7,leaf,Emelliodora_LB_Block4,G2,W3-7,,
,,,,,,,,,S45304,W3_8,leaf,Emelliodora_LB_Block4,H2,W3-8,,
,,,,,,,,,S45305,W3_9,leaf,Emelliodora_LB_Block4,A3,W3-9,,
,,,,,,,,,S45306,W3_10,leaf,Emelliodora_LB_Block4,B3,W3-10,,
,,,,,,,,,S45307,T3_1,leaf,Emelliodora_LB_Block4,C3,T3-1,,
,,,,,,,,,S45308,T3_2,leaf,Emelliodora_LB_Block4,D3,T3-2,,
,,,,,,,,,S45309,T3_3,leaf,Emelliodora_LB_Block4,E3,T3-3,,
,,,,,,,,,S45310,T3_4,leaf,Emelliodora_LB_Block4,F3,T3-4,,
,,,,,,,,,S45311,T3_5,leaf,Emelliodora_LB_Block4,G3,T3-5,,
,,,,,,,,,S45312,T3_6,leaf,Emelliodora_LB_Block4,H3,T3-6,,
,,,,,,,,,S45313,T3_7,leaf,Emelliodora_LB_Block4,A4,T3-7,,
,,,,,,,,,S45314,T3_8,leaf,Emelliodora_LB_Block4,B4,T3-8,,
,,,,,,,,,S45315,T3_9,leaf,Emelliodora_LB_Block4,C4,T3-9,,
,,,,,,,,,S45316,T3_10,leaf,Emelliodora_LB_Block4,D4,T3-10,,
,,,,,,,,,S45317,site21_1,leaf,Emelliodora_LB_Block4,E4,site21-1,,
,,,,,,,,,S45318,site21_2,leaf,Emelliodora_LB_Block4,F4,site21-2,,
,,,,,,,,,S45319,site21_3,leaf,Emelliodora_LB_Block4,G4,site21-3,,
,,,,,,,,,S45320,site21_4,leaf,Emelliodora_LB_Block4,H4,site21-4,,
,,,,,,,,,S45321,site21_5,leaf,Emelliodora_LB_Block4,A5,site21-5,,
,,,,,,,,,S45322,site21_6,leaf,Emelliodora_LB_Block4,B5,site21-6,,
,,,,,,,,,S45323,site21_7,leaf,Emelliodora_LB_Block4,C5,site21-7,,
,,,,,,,,,S45324,site21_8,leaf,Emelliodora_LB_Block4,D5,site21-8,,
,,,,,,,,,S45325,site21_9,leaf,Emelliodora_LB_Block4,E5,site21-9,,
,,,,,,,,,S45326,site21_10,leaf,Emelliodora_LB_Block4,F5,site21-10,,
,,,,,,,,,S45327,T2_1,leaf,Emelliodora_LB_Block4,G5,T2-1,,
,,,,,,,,,S45328,T2_2,leaf,Emelliodora_LB_Block4,H5,T2-2,,
,,,,,,,,,S45329,T2_3,leaf,Emelliodora_LB_Block4,A6,T2-3,,
,,,,,,,,,S45330,T2_4,leaf,Emelliodora_LB_Block4,B6,T2-4,,
,,,,,,,,,S45331,T2_5,leaf,Emelliodora_LB_Block4,C6,T2-5,,
,,,,,,,,,S45332,T2_6,leaf,Emelliodora_LB_Block4,D6,T2-6,,
,,,,,,,,,S45333,T2_7,leaf,Emelliodora_LB_Block4,E6,T2-7,,
,,,,,,,,,S45334,T2_8,leaf,Emelliodora_LB_Block4,F6,T2-8,,
,,,,,,,,,S45335,T2_9,leaf,Emelliodora_LB_Block4,G6,T2-9,,
,,,,,,,,,S45336,T2_10,leaf,Emelliodora_LB_Block4,H6,T2-10,,
,,,,,,,,,S45337,site13_1,leaf,Emelliodora_LB_Block4,A7,site13-1,,
,,,,,,,,,S45338,site13_2,leaf,Emelliodora_LB_Block4,B7,site13-2,,
,,,,,,,,,S45339,site13_3,leaf,Emelliodora_LB_Block4,C7,site13-3,,
,,,,,,,,,S45340,site13_4,leaf,Emelliodora_LB_Block4,D7,site13-4,,
,,,,,,,,,S45341,site13_5,leaf,Emelliodora_LB_Block4,E7,site13-5,,
,,,,,,,,,S45342,site13_6,leaf,Emelliodora_LB_Block4,F7,site13-6,,
,,,,,,,,,S45343,site26_1,leaf,Emelliodora_LB_Block4,G7,site26-1,,outlier
,,,,,,,,,S45344,site26_2,leaf,Emelliodora_LB_Block4,H7,site26-2,,outlier
,,,,,,,,,S45345,site26_3,leaf,Emelliodora_LB_Block4,A8,site26-3,,outlier
,,,,,,,,,S45346,site26_4,leaf,Emelliodora_LB_Block4,B8,site26-4,,outlier
,,,,,,,,,S45347,site26_5,leaf,Emelliodora_LB_Block4,C8,site26-5,,outlier
,,,,,,,,,S45348,site26_6,leaf,Emelliodora_LB_Block4,D8,site26-6,,
,,,,,,,,,S45349,site26_7,leaf,Emelliodora_LB_Block4,E8,site26-7,,outlier
,,,,,,,,,S45350,site26_8,leaf,Emelliodora_LB_Block4,F8,site26-8,,outlier
,,,,,,,,,S45351,site26_9,leaf,Emelliodora_LB_Block4,G8,site26-9,,
,,,,,,,,,S45352,site26_10,leaf,Emelliodora_LB_Block4,H8,site26-10,,outlier
,,,,,,,,,S45353,i1_1,leaf,Emelliodora_LB_Block4,A9,i1-1,,
,,,,,,,,,S45354,i1_2,leaf,Emelliodora_LB_Block4,B9,i1-2,,
,,,,,,,,,S45355,i1_3,leaf,Emelliodora_LB_Block4,C9,i1-3,,
,,,,,,,,,S45356,i1_4,leaf,Emelliodora_LB_Block4,D9,i1-4,,
,,,,,,,,,S45357,i1_5,leaf,Emelliodora_LB_Block4,E9,i1-5,,
,,,,,,,,,S45358,i1_6,leaf,Emelliodora_LB_Block4,F9,i1-6,,
,,,,,,,,,S45359,i1_7,leaf,Emelliodora_LB_Block4,G9,i1-7,,
,,,,,,,,,S45360,i1_8,leaf,Emelliodora_LB_Block4,H9,i1-8,,
,,,,,,,,,S45361,i1_9,leaf,Emelliodora_LB_Block4,A10,i1-9,,
,,,,,,,,,S45362,i1_10,leaf,Emelliodora_LB_Block4,B10,i1-10,,
,,,,,,,,,S45363,O_1,leaf,Emelliodora_LB_Block4,C10,O1,,outlier
,,,,,,,,,S45364,O_2,leaf,Emelliodora_LB_Block4,D10,O2,,outlier
,,,,,,,,,S45365,O_3,leaf,Emelliodora_LB_Block4,E10,O3,,outlier
,,,,,,,,,S45366,O_4,leaf,Emelliodora_LB_Block4,F10,O4,,outlier
,,,,,,,,,S45367,O_5,leaf,Emelliodora_LB_Block4,G10,O5,,outlier
,,,,,,,,,S45368,O_6,leaf,Emelliodora_LB_Block4,H10,O6,,outlier
,,,,,,,,,S45369,O_7,leaf,Emelliodora_LB_Block4,A11,O7,,outlier
,,,,,,,,,S45370,O_8,leaf,Emelliodora_LB_Block4,B11,O8,,outlier
,,,,,,,,,S45371,O_9,leaf,Emelliodora_LB_Block4,C11,O9,,outlier
,,,,,,,,,S45372,O_10,leaf,Emelliodora_LB_Block4,D11,O10,,outlier
,,,,,,,,,S45373,site7_1,leaf,Emelliodora_LB_Block4,E11,site7-1,,
,,,,,,,,,S45374,site7_2,leaf,Emelliodora_LB_Block4,F11,site7-2,,
,,,,,,,,,S45375,site7_3,leaf,Emelliodora_LB_Block4,G11,site7-3,,
,,,,,,,,,S45376,site7_4,leaf,Emelliodora_LB_Block4,H11,site7-4,,
,,,,,,,,,S45377,site7_5,leaf,Emelliodora_LB_Block4,A12,site7-5,,
,,,,,,,,,S45378,site7_6,leaf,Emelliodora_LB_Block4,B12,site7-6,,
,,,,,,,,,S45379,site7_7,leaf,Emelliodora_LB_Block4,C12,site7-7,,
